presupuesto_usd,deadline_dias,tipo_servicio,infraestructura_cloud,horas_hombre
1564.01,112,Sitio_Web,0,77.3
10843.77,27,Plataforma_SaaS,0,516.0
6700.3,70,App_Movil,1,311.3
9336.28,171,App_Movil,0,506.9
1495.85,33,Sitio_Web,0,75.8
1973.37,61,Sitio_Web,1,93.8
2050.94,35,Sitio_Web,0,121.6
24576.22,154,Plataforma_SaaS,1,966.2
11592.0,31,App_Movil,0,633.1
10201.24,76,App_Movil,0,548.6
1573.31,69,Sitio_Web,0,80.5
8224.67,170,Plataforma_SaaS,0,380.3
12704.27,136,Plataforma_SaaS,1,519.2
1653.74,156,Sitio_Web,0,95.4
2418.96,22,Sitio_Web,0,157.0
3288.73,152,Sitio_Web,0,213.0
3546.63,106,Sitio_Web,0,223.0
10603.78,36,App_Movil,1,471.8
6237.08,51,App_Movil,0,311.8
2999.15,25,Sitio_Web,1,153.1
5815.51,40,App_Movil,1,282.6
994.9,147,Sitio_Web,0,59.3
3045.01,177,Sitio_Web,1,132.4
831.45,68,Sitio_Web,0,43.1
6682.64,124,App_Movil,0,359.0
12928.83,106,Plataforma_SaaS,0,609.6
3018.81,28,Sitio_Web,1,125.3
9896.21,117,App_Movil,1,444.4
5736.85,170,App_Movil,0,301.9
3397.21,79,Sitio_Web,1,187.6
5645.25,153,App_Movil,0,305.9
2228.24,44,Sitio_Web,0,138.4
3126.46,76,Sitio_Web,0,186.4
19472.56,122,Plataforma_SaaS,1,779.8
24772.63,85,Plataforma_SaaS,1,974.4
11052.9,154,Plataforma_SaaS,0,520.1
2919.42,15,Sitio_Web,0,186.1
2750.98,38,Sitio_Web,0,167.2
11235.89,138,App_Movil,0,602.8
4407.26,56,App_Movil,0,242.9
3205.75,88,Sitio_Web,1,165.3
8114.42,11,App_Movil,0,458.1
1678.93,154,Sitio_Web,0,102.4
15539.83,93,Plataforma_SaaS,0,735.3
1868.09,132,Sitio_Web,1,92.2
8213.82,81,App_Movil,1,375.7
3644.8,171,Sitio_Web,0,228.6
8123.74,28,App_Movil,1,349.4
8685.5,74,App_Movil,0,471.6
2459.99,50,Sitio_Web,0,138.6
7920.98,40,Plataforma_SaaS,0,374.5
11191.45,83,Plataforma_SaaS,0,545.6
15856.03,48,Plataforma_SaaS,0,768.6
12584.24,143,Plataforma_SaaS,1,496.6
4635.87,112,App_Movil,1,207.0
16074.39,101,Plataforma_SaaS,1,637.6
1832.99,141,Sitio_Web,0,138.9
1625.94,74,Sitio_Web,0,100.3
2284.75,153,Sitio_Web,1,105.8
1226.51,165,Sitio_Web,0,86.8
3768.79,134,Sitio_Web,0,239.7
3576.65,169,Sitio_Web,0,232.5
19737.17,91,Plataforma_SaaS,1,810.4
1139.88,165,Sitio_Web,0,75.5
3282.81,89,Sitio_Web,0,193.5
10271.62,101,App_Movil,1,460.2
3256.85,38,Sitio_Web,0,192.5
9051.39,72,Plataforma_SaaS,0,430.4
2860.51,122,Sitio_Web,0,184.0
22017.85,144,Plataforma_SaaS,0,1056.9
17392.36,136,Plataforma_SaaS,1,705.4
2868.5,66,Sitio_Web,0,178.9
2266.76,23,Sitio_Web,0,125.0
16516.73,102,Plataforma_SaaS,1,643.5
3309.39,150,App_Movil,1,136.6
8750.67,22,App_Movil,1,389.5
8466.05,52,Plataforma_SaaS,0,407.7
2192.05,173,Sitio_Web,0,125.0
1736.5,165,Sitio_Web,1,93.9
2545.37,113,Sitio_Web,1,122.0
9401.49,94,Plataforma_SaaS,0,453.8
9224.79,135,App_Movil,0,499.3
3344.04,145,Sitio_Web,0,218.0
1322.73,125,Sitio_Web,1,56.4
1133.8,91,Sitio_Web,0,90.1
1265.65,10,Sitio_Web,0,70.0
10894.15,77,App_Movil,0,574.9
7753.7,160,App_Movil,1,346.7
15410.7,117,Plataforma_SaaS,1,648.8
3960.41,56,App_Movil,0,222.8
2878.58,146,Sitio_Web,1,150.0
10812.0,101,App_Movil,1,494.5
21907.35,98,Plataforma_SaaS,0,1043.9
8634.49,71,App_Movil,0,469.5
8355.02,53,Plataforma_SaaS,0,401.1
4011.57,112,App_Movil,1,198.6
3443.78,136,App_Movil,0,184.9
5317.31,112,App_Movil,1,235.5
1234.12,30,Sitio_Web,1,50.1
1632.15,10,Sitio_Web,0,99.3
2032.19,114,Sitio_Web,1,104.5
11486.85,25,App_Movil,0,608.3
2753.2,160,Sitio_Web,0,169.7
10514.76,46,App_Movil,1,475.5
19786.33,56,Plataforma_SaaS,1,801.6
1160.01,177,Sitio_Web,0,81.7
9623.28,81,App_Movil,1,434.0
11951.78,18,Plataforma_SaaS,1,467.7
2845.15,33,Sitio_Web,0,162.4
1891.08,119,Sitio_Web,1,112.2
3992.55,55,Sitio_Web,0,241.2
1643.36,150,Sitio_Web,0,116.1
12024.35,136,Plataforma_SaaS,0,582.2
23752.1,66,Plataforma_SaaS,1,957.6
3221.8,36,App_Movil,1,154.4
19540.4,90,Plataforma_SaaS,0,925.7
20055.88,172,Plataforma_SaaS,0,965.8
3476.41,34,Sitio_Web,1,161.5
24539.91,31,Plataforma_SaaS,0,1175.1
11780.42,102,App_Movil,1,536.5
8174.98,131,Plataforma_SaaS,1,316.7
21793.11,16,Plataforma_SaaS,0,1051.7
2868.19,48,Sitio_Web,1,128.4
2871.49,46,Sitio_Web,0,183.7
1210.72,83,Sitio_Web,1,53.9
8851.68,111,App_Movil,1,388.1
24684.69,124,Plataforma_SaaS,1,973.0
23412.73,48,Plataforma_SaaS,0,1118.0
2205.22,53,Sitio_Web,1,91.2
3359.53,171,App_Movil,0,175.9
6260.64,28,App_Movil,0,349.1
3444.45,113,Sitio_Web,0,204.8
3044.8,33,Sitio_Web,0,170.9
2269.9,47,Sitio_Web,0,138.5
7991.83,86,Plataforma_SaaS,1,321.1
2166.06,168,Sitio_Web,1,127.9
7221.22,166,App_Movil,0,397.9
11357.0,95,App_Movil,1,514.1
2851.48,72,Sitio_Web,0,180.1
12609.75,18,Plataforma_SaaS,1,503.0
16455.73,174,Plataforma_SaaS,1,657.5
1011.38,79,Sitio_Web,0,77.3
11753.11,82,App_Movil,1,512.5
1952.19,96,Sitio_Web,0,126.8
2329.18,16,Sitio_Web,0,138.6
1936.91,102,Sitio_Web,1,93.9
9142.61,26,App_Movil,0,488.2
8960.09,45,App_Movil,0,485.4
3089.03,66,Sitio_Web,0,184.9
1658.06,72,Sitio_Web,1,78.8
12682.03,71,Plataforma_SaaS,0,601.7
1200.8,130,Sitio_Web,0,53.0
2897.63,170,Sitio_Web,1,137.6
3358.17,158,App_Movil,1,146.0
17758.28,161,Plataforma_SaaS,0,853.9
3583.03,136,Sitio_Web,0,234.6
11017.49,165,App_Movil,0,588.8
15082.68,63,Plataforma_SaaS,0,713.7
2269.77,84,Sitio_Web,0,129.0
3692.72,35,App_Movil,1,167.7
2946.45,21,Sitio_Web,1,153.2
10391.33,18,App_Movil,1,474.9
5201.9,107,App_Movil,0,289.2
6791.71,162,App_Movil,1,315.3
3484.29,90,Sitio_Web,0,206.3
22788.17,131,Plataforma_SaaS,1,932.1
1578.18,109,Sitio_Web,1,75.4
2561.83,30,Sitio_Web,0,154.8
1415.98,155,Sitio_Web,1,83.8
3916.91,144,App_Movil,0,217.2
11200.08,116,App_Movil,1,481.6
3425.62,84,Sitio_Web,0,205.6
9840.31,107,App_Movil,0,540.0
956.05,152,Sitio_Web,1,34.4
10593.56,148,App_Movil,0,579.6
2201.74,168,Sitio_Web,1,114.0
6081.56,134,App_Movil,0,340.2
2548.72,64,Sitio_Web,1,120.5
8644.36,82,Plataforma_SaaS,1,355.7
3221.27,156,Sitio_Web,0,194.9
2663.79,42,Sitio_Web,0,177.5
1397.09,179,Sitio_Web,0,111.7
10388.18,170,Plataforma_SaaS,0,514.0
10316.48,28,Plataforma_SaaS,0,500.0
982.41,133,Sitio_Web,1,72.3
8290.19,86,App_Movil,1,379.1
22126.27,106,Plataforma_SaaS,1,876.0
3157.48,102,App_Movil,1,141.7
3441.04,167,App_Movil,1,162.5
2632.86,179,Sitio_Web,1,139.9
3422.39,170,Sitio_Web,0,194.1
12881.3,154,Plataforma_SaaS,1,504.3
13293.06,24,Plataforma_SaaS,1,528.3
8367.12,44,App_Movil,0,457.2
1677.48,157,Sitio_Web,0,107.3
885.15,115,Sitio_Web,0,54.5
9617.06,129,App_Movil,0,511.0
18261.7,150,Plataforma_SaaS,1,747.8
17453.61,155,Plataforma_SaaS,0,827.1
20350.31,110,Plataforma_SaaS,0,989.8
9077.08,146,App_Movil,1,415.9
1458.82,150,Sitio_Web,0,100.3
1927.94,87,Sitio_Web,0,111.2
9269.98,93,Plataforma_SaaS,0,443.5
4168.71,148,App_Movil,1,188.1
2963.83,67,Sitio_Web,1,143.4
3547.52,52,Sitio_Web,0,215.1
11664.59,38,App_Movil,1,540.7
2810.71,21,Sitio_Web,0,155.7
1389.12,50,Sitio_Web,1,62.9
3950.85,151,App_Movil,1,170.1
10315.66,175,App_Movil,1,463.3
8208.81,60,App_Movil,0,441.9
2778.51,50,Sitio_Web,1,146.6
10033.16,104,App_Movil,1,451.8
3050.49,11,Sitio_Web,0,186.1
3470.27,115,Sitio_Web,1,177.5
3505.93,33,App_Movil,0,191.8
9727.69,122,App_Movil,1,444.8
22315.35,93,Plataforma_SaaS,0,1069.9
5575.22,110,App_Movil,1,267.3
8764.03,129,App_Movil,0,498.7
1805.32,85,Sitio_Web,0,115.4
3865.51,49,Sitio_Web,0,234.2
906.96,103,Sitio_Web,0,60.7
2655.34,37,Sitio_Web,0,148.3
9997.06,105,Plataforma_SaaS,0,481.7
3079.1,23,Sitio_Web,0,177.4
10166.03,89,Plataforma_SaaS,0,493.1
5118.45,116,App_Movil,0,269.1
15898.67,38,Plataforma_SaaS,1,632.5
11233.51,174,App_Movil,0,587.9
4905.43,147,App_Movil,1,209.0
4298.16,41,App_Movil,1,197.0
3228.73,139,Sitio_Web,1,152.7
7505.58,35,App_Movil,0,415.9
3717.71,76,Sitio_Web,1,176.3
1269.17,159,Sitio_Web,0,80.7
8813.35,101,App_Movil,0,468.3
1545.21,28,Sitio_Web,0,96.6
9821.69,179,Plataforma_SaaS,1,377.5
19301.73,75,Plataforma_SaaS,0,922.0
17686.32,95,Plataforma_SaaS,0,840.5
3215.45,78,Sitio_Web,1,169.6
1790.28,135,Sitio_Web,1,94.1
15063.49,178,Plataforma_SaaS,0,710.7
6649.25,93,App_Movil,0,357.0
24713.61,102,Plataforma_SaaS,1,980.8
12260.48,81,Plataforma_SaaS,0,598.0
12306.71,173,Plataforma_SaaS,0,603.4
1934.55,60,Sitio_Web,0,101.7
2606.7,94,Sitio_Web,1,138.6
11541.81,163,Plataforma_SaaS,1,453.4
3728.93,60,Sitio_Web,1,183.9
1650.19,22,Sitio_Web,1,82.8
11062.34,105,App_Movil,0,615.5
8862.55,26,Plataforma_SaaS,0,415.4
8909.06,52,App_Movil,0,489.4
11162.87,133,App_Movil,0,591.1
1340.0,64,Sitio_Web,0,68.0
11714.94,117,App_Movil,1,527.5
15151.9,135,Plataforma_SaaS,1,606.3
3826.29,87,Sitio_Web,1,163.0
9091.38,163,App_Movil,0,502.5
12428.56,90,Plataforma_SaaS,1,475.8
4694.72,76,App_Movil,1,209.8
5733.62,14,App_Movil,0,322.9
3837.16,35,App_Movil,1,194.8
1260.38,118,Sitio_Web,0,72.0
1134.91,167,Sitio_Web,0,53.8
14612.98,137,Plataforma_SaaS,0,714.3
21320.41,169,Plataforma_SaaS,0,1032.0
9544.9,114,Plataforma_SaaS,0,453.3
9345.77,115,Plataforma_SaaS,1,367.7
8790.86,26,App_Movil,1,388.4
4774.65,79,App_Movil,1,211.4
8756.98,173,Plataforma_SaaS,1,353.4
4501.64,10,App_Movil,0,237.4
11313.58,25,App_Movil,1,504.7
21786.48,108,Plataforma_SaaS,0,1052.2
13373.16,179,Plataforma_SaaS,0,627.1
2898.63,177,Sitio_Web,0,170.2
2519.28,147,Sitio_Web,0,134.4
2966.8,147,Sitio_Web,0,179.1
9144.04,92,App_Movil,0,474.4
2811.95,58,Sitio_Web,0,177.6
5394.91,117,App_Movil,1,229.6
3351.06,115,App_Movil,0,163.2
2257.81,92,Sitio_Web,0,131.8
11018.76,49,App_Movil,0,612.1
2622.39,48,Sitio_Web,1,138.2
3463.65,96,Sitio_Web,0,188.6
24849.24,121,Plataforma_SaaS,0,1179.3
1323.57,32,Sitio_Web,0,75.5
3013.69,157,Sitio_Web,0,203.2
9068.64,49,App_Movil,0,480.3
24639.2,83,Plataforma_SaaS,0,1173.4
3953.92,162,Sitio_Web,0,252.5
9180.11,143,App_Movil,0,497.7
1579.57,26,Sitio_Web,0,105.3
3355.38,45,Sitio_Web,1,160.5
3963.26,18,App_Movil,0,213.0
10026.29,17,App_Movil,0,554.6
11191.77,160,App_Movil,0,602.9
6445.5,48,App_Movil,1,301.3
18351.44,161,Plataforma_SaaS,0,884.7
6871.28,17,App_Movil,0,360.7
2200.85,44,Sitio_Web,1,109.9
12586.68,104,Plataforma_SaaS,0,614.0
3238.81,177,Sitio_Web,0,201.0
11425.59,25,App_Movil,0,616.6
3810.4,140,Sitio_Web,1,171.6
1359.3,180,Sitio_Web,0,63.6
22745.39,122,Plataforma_SaaS,1,894.0
20273.77,119,Plataforma_SaaS,1,805.8
5275.54,176,App_Movil,0,281.1
3605.56,71,App_Movil,0,179.9
1657.59,105,Sitio_Web,0,109.7
3719.07,78,Sitio_Web,0,210.5
2826.17,58,Sitio_Web,0,155.9
9489.49,124,App_Movil,1,427.9
5314.37,126,App_Movil,1,248.9
9474.49,13,App_Movil,1,446.9
889.99,17,Sitio_Web,0,59.2
13755.78,109,Plataforma_SaaS,1,566.0
8640.78,67,App_Movil,1,376.7
4314.87,74,App_Movil,1,215.8
10407.03,159,App_Movil,0,543.4
5115.28,146,App_Movil,1,225.1
2887.3,160,Sitio_Web,0,178.8
2096.63,108,Sitio_Web,0,109.7
17728.78,116,Plataforma_SaaS,0,841.7
1143.84,146,Sitio_Web,1,46.3
854.12,177,Sitio_Web,1,39.6
3710.61,57,Sitio_Web,0,236.9
1662.82,123,Sitio_Web,0,99.9
21754.19,171,Plataforma_SaaS,0,1039.6
11994.15,52,App_Movil,0,618.8
4902.88,59,App_Movil,0,269.4
1648.55,94,Sitio_Web,0,106.8
8965.74,127,App_Movil,1,386.5
11689.04,19,App_Movil,0,630.5
3730.61,95,Sitio_Web,0,225.8
7525.88,131,App_Movil,0,416.0
3344.35,124,Sitio_Web,1,160.0
4221.71,60,App_Movil,1,181.2
11796.94,122,App_Movil,1,526.3
3885.93,124,Sitio_Web,0,246.0
1323.93,10,Sitio_Web,0,89.9
5694.81,81,App_Movil,0,307.3
3901.39,55,App_Movil,1,185.8
11890.92,13,Plataforma_SaaS,1,451.9
10343.6,116,App_Movil,1,473.4
2010.61,128,Sitio_Web,1,89.3
1082.87,17,Sitio_Web,1,71.8
6080.03,98,App_Movil,0,317.7
3940.43,179,Sitio_Web,1,188.5
8667.15,29,App_Movil,0,473.7
14490.9,34,Plataforma_SaaS,0,702.2
4498.85,117,App_Movil,0,238.5
3955.77,63,Sitio_Web,0,241.1
10387.64,32,App_Movil,0,565.9
5533.3,159,App_Movil,0,302.7
3630.62,60,App_Movil,0,192.0
8019.26,35,Plataforma_SaaS,0,390.0
1185.21,103,Sitio_Web,0,85.2
17453.83,170,Plataforma_SaaS,0,825.5
23717.74,20,Plataforma_SaaS,0,1130.1
2389.58,84,Sitio_Web,0,143.6
3497.43,41,Sitio_Web,1,164.3
2226.84,36,Sitio_Web,1,93.3
3067.47,98,Sitio_Web,1,164.3
3141.99,23,Sitio_Web,1,134.8
4565.67,164,App_Movil,0,242.5
1955.89,99,Sitio_Web,1,105.4
2839.37,179,Sitio_Web,0,173.0
8272.54,85,Plataforma_SaaS,0,393.2
1956.93,116,Sitio_Web,1,86.9
16626.39,108,Plataforma_SaaS,0,801.5
3987.92,112,Sitio_Web,1,189.5
2318.51,53,Sitio_Web,1,118.6
10344.51,70,App_Movil,1,466.9
6888.61,172,App_Movil,1,311.5
21335.03,70,Plataforma_SaaS,0,1017.7
8358.73,93,App_Movil,0,471.7
22958.72,13,Plataforma_SaaS,0,1105.6
2115.02,28,Sitio_Web,0,124.1
2733.77,87,Sitio_Web,1,139.3
18340.34,175,Plataforma_SaaS,1,725.9
14512.89,80,Plataforma_SaaS,1,576.7
9597.62,144,Plataforma_SaaS,0,484.6
3842.03,141,App_Movil,0,199.8
853.35,131,Sitio_Web,0,50.4
22723.62,56,Plataforma_SaaS,0,1086.2
1556.72,58,Sitio_Web,1,67.4
10807.12,167,Plataforma_SaaS,0,523.0
20248.64,7,Plataforma_SaaS,0,972.3
5880.15,168,App_Movil,0,326.6
16108.8,10,Plataforma_SaaS,1,652.5
9925.2,151,Plataforma_SaaS,1,406.0
3871.19,138,Sitio_Web,0,223.1
22328.47,177,Plataforma_SaaS,0,1078.2
10774.11,10,App_Movil,0,588.5
14321.93,7,Plataforma_SaaS,0,677.2
3239.56,77,Sitio_Web,1,158.8
9589.77,41,Plataforma_SaaS,1,369.0
827.58,14,Sitio_Web,0,56.4
863.91,158,Sitio_Web,0,58.5
17558.83,42,Plataforma_SaaS,1,716.7
2257.26,129,Sitio_Web,0,133.1
2457.65,49,Sitio_Web,1,127.4
7134.34,33,Plataforma_SaaS,0,352.3
14608.36,38,Plataforma_SaaS,0,693.7
9462.61,84,App_Movil,0,501.9
6984.24,127,App_Movil,0,369.9
9589.97,152,App_Movil,1,428.1
1545.66,162,Sitio_Web,0,84.0
3402.05,163,Sitio_Web,0,197.3
8295.88,22,App_Movil,0,456.8
10793.74,105,Plataforma_SaaS,0,517.1
11260.97,53,Plataforma_SaaS,0,543.6
18304.55,37,Plataforma_SaaS,0,873.1
3455.81,10,Sitio_Web,1,166.6
6740.65,171,App_Movil,0,366.9
1626.56,23,Sitio_Web,0,98.9
10803.1,45,App_Movil,1,493.9
9023.41,54,App_Movil,0,500.3
15065.54,180,Plataforma_SaaS,1,595.7
2361.28,45,Sitio_Web,0,150.3
1453.62,138,Sitio_Web,1,61.9
2805.77,36,Sitio_Web,1,161.0
13457.37,164,Plataforma_SaaS,1,530.4
11960.81,28,App_Movil,1,545.1
2336.59,72,Sitio_Web,0,129.3
2354.83,114,Sitio_Web,1,116.2
8092.67,18,App_Movil,0,452.5
3733.62,42,Sitio_Web,0,215.8
21414.73,24,Plataforma_SaaS,0,1049.9
7060.17,96,App_Movil,0,381.2
3099.84,7,Sitio_Web,0,195.7
2675.95,133,Sitio_Web,0,164.6
15862.61,96,Plataforma_SaaS,0,766.0
1415.41,93,Sitio_Web,1,56.5
2284.6,96,Sitio_Web,1,109.5
11424.73,140,Plataforma_SaaS,0,560.3
23467.16,76,Plataforma_SaaS,0,1123.0
13037.32,50,Plataforma_SaaS,0,627.2
24140.75,158,Plataforma_SaaS,0,1143.3
2505.78,92,Sitio_Web,0,145.0
2820.94,25,Sitio_Web,0,180.5
16772.93,107,Plataforma_SaaS,0,792.3
4164.43,152,App_Movil,1,194.6
6382.39,101,App_Movil,0,346.4
8784.63,107,Plataforma_SaaS,0,419.3
2793.45,36,Sitio_Web,0,164.8
7021.87,176,App_Movil,0,374.3
3289.55,39,Sitio_Web,0,193.4
4984.23,18,App_Movil,1,233.6
1326.61,124,Sitio_Web,0,75.3
2100.26,100,Sitio_Web,0,144.1
3765.07,161,Sitio_Web,1,191.2
9393.8,173,App_Movil,1,417.0
6770.31,143,App_Movil,1,314.4
7655.45,155,App_Movil,0,419.6
8515.83,82,Plataforma_SaaS,1,324.1
3950.64,35,Sitio_Web,0,226.7
2932.5,167,Sitio_Web,0,174.8
12137.27,123,Plataforma_SaaS,0,566.8
2674.59,21,Sitio_Web,0,181.4
8970.68,8,Plataforma_SaaS,0,438.8
3890.68,123,Sitio_Web,0,233.3
10146.13,178,Plataforma_SaaS,1,402.4
2873.7,24,Sitio_Web,1,137.7
11418.18,9,Plataforma_SaaS,1,437.1
9458.05,141,App_Movil,0,493.4
20982.78,177,Plataforma_SaaS,1,858.3
2954.94,172,Sitio_Web,0,193.0
8530.5,171,App_Movil,1,378.1
23064.44,167,Plataforma_SaaS,0,1116.2
3707.64,114,App_Movil,1,171.9
5978.23,101,App_Movil,0,329.1
5234.59,128,App_Movil,1,221.3
11892.13,17,App_Movil,1,517.1
6504.51,74,App_Movil,0,363.1
9593.51,129,App_Movil,0,498.3
19325.05,119,Plataforma_SaaS,1,771.5
1478.66,104,Sitio_Web,0,85.0
1564.79,99,Sitio_Web,1,73.6
12063.12,28,Plataforma_SaaS,0,582.2
14400.29,178,Plataforma_SaaS,0,684.4
5108.93,133,App_Movil,0,279.8
3176.86,140,App_Movil,0,173.0
3614.06,176,Sitio_Web,1,201.7
3889.95,31,Sitio_Web,0,219.5
6074.13,91,App_Movil,0,328.3
1883.22,61,Sitio_Web,0,117.3
3063.83,150,App_Movil,0,162.9
2976.8,101,Sitio_Web,1,135.5
21857.92,148,Plataforma_SaaS,1,886.9
9638.95,173,Plataforma_SaaS,0,466.0
4437.0,162,App_Movil,1,187.0
10110.75,125,App_Movil,1,459.4
2772.13,15,Sitio_Web,0,183.3
7807.49,179,Plataforma_SaaS,1,311.9
8602.92,156,App_Movil,0,464.5
1788.54,166,Sitio_Web,0,123.0
13637.05,48,Plataforma_SaaS,1,535.8
20855.17,59,Plataforma_SaaS,0,1018.3
21596.83,80,Plataforma_SaaS,1,873.6
6603.21,45,App_Movil,1,287.9
11524.38,128,App_Movil,0,615.6
6658.16,21,App_Movil,1,294.4
20893.05,163,Plataforma_SaaS,0,984.5
15709.79,129,Plataforma_SaaS,0,756.7
3672.1,117,Sitio_Web,1,174.8
3704.84,137,Sitio_Web,1,188.2
1079.73,89,Sitio_Web,0,51.9
23856.88,16,Plataforma_SaaS,0,1154.4
21859.63,98,Plataforma_SaaS,1,881.8
3332.19,35,Sitio_Web,1,159.6
4808.2,41,App_Movil,1,220.0
3376.38,12,Sitio_Web,0,203.4
22302.39,146,Plataforma_SaaS,0,1085.3
12204.71,117,Plataforma_SaaS,0,575.5
24140.68,44,Plataforma_SaaS,1,964.1
3448.74,83,App_Movil,0,179.8
4349.18,99,App_Movil,0,235.3
2520.26,153,Sitio_Web,1,131.3
2642.54,73,Sitio_Web,0,152.0
18612.7,142,Plataforma_SaaS,1,740.9
7305.44,14,Plataforma_SaaS,1,301.9
24286.6,128,Plataforma_SaaS,1,985.0
7802.59,90,Plataforma_SaaS,0,379.5
4287.56,138,App_Movil,0,230.1
7252.26,91,Plataforma_SaaS,1,287.8
17203.45,51,Plataforma_SaaS,1,693.6
23780.8,142,Plataforma_SaaS,1,953.5
2931.03,93,Sitio_Web,0,159.4
10403.92,22,App_Movil,1,473.9
842.5,83,Sitio_Web,1,33.5
16756.28,15,Plataforma_SaaS,1,656.1
7136.07,66,App_Movil,1,304.4
2396.7,84,Sitio_Web,1,117.7
3649.92,83,App_Movil,1,154.1
9159.92,77,App_Movil,0,471.4
2410.31,21,Sitio_Web,0,141.0
3248.48,77,Sitio_Web,0,190.0
7367.62,108,App_Movil,0,396.4
4344.43,175,App_Movil,0,228.3
18668.63,28,Plataforma_SaaS,0,914.4
4551.48,158,App_Movil,0,251.0
22703.1,119,Plataforma_SaaS,0,1084.8
8518.05,178,App_Movil,1,382.7
4414.83,7,App_Movil,1,212.8
24322.09,16,Plataforma_SaaS,0,1177.0
7665.29,116,App_Movil,1,331.0
1033.28,119,Sitio_Web,0,52.3
2805.87,56,Sitio_Web,0,160.5
11557.58,18,Plataforma_SaaS,0,550.4
10233.24,95,App_Movil,0,546.6
10360.4,160,App_Movil,1,466.6
3932.63,118,Sitio_Web,1,204.0
2405.98,84,Sitio_Web,0,153.4
2255.86,175,Sitio_Web,0,132.1
3211.12,170,Sitio_Web,0,176.3
4192.24,127,App_Movil,0,216.0
2550.13,29,Sitio_Web,0,147.8
7916.23,177,App_Movil,0,415.0
8610.52,140,Plataforma_SaaS,1,355.8
2137.55,177,Sitio_Web,1,95.1
10679.56,31,App_Movil,0,582.9
22410.77,24,Plataforma_SaaS,1,879.6
1117.56,147,Sitio_Web,0,73.6
3816.49,49,App_Movil,0,204.7
11728.52,84,Plataforma_SaaS,0,578.1
22745.79,34,Plataforma_SaaS,1,898.5
1212.49,152,Sitio_Web,1,55.0
19959.94,65,Plataforma_SaaS,1,794.7
3910.49,69,App_Movil,0,209.6
2794.04,98,Sitio_Web,1,136.2
6204.61,62,App_Movil,0,331.8
21200.45,161,Plataforma_SaaS,1,844.6
5103.21,166,App_Movil,0,254.9
2845.45,117,Sitio_Web,0,180.7
5121.14,143,App_Movil,0,305.2
3083.71,74,Sitio_Web,1,157.2
3595.77,52,Sitio_Web,0,204.4
1205.77,73,Sitio_Web,1,49.9
3573.11,160,Sitio_Web,0,220.5
2699.44,142,Sitio_Web,1,138.8
1206.75,12,Sitio_Web,1,57.5
6847.88,30,App_Movil,1,315.7
1314.75,100,Sitio_Web,0,58.2
3041.11,179,Sitio_Web,0,190.0
20659.63,19,Plataforma_SaaS,0,994.0
3952.17,31,App_Movil,1,167.9
7555.26,154,App_Movil,0,393.7
3406.8,124,Sitio_Web,0,205.6
3795.72,88,Sitio_Web,0,241.8
2443.26,117,Sitio_Web,0,144.3
3840.89,88,Sitio_Web,1,183.5
2514.2,72,Sitio_Web,0,152.8
2061.41,51,Sitio_Web,1,121.3
3514.25,120,Sitio_Web,0,215.2
2377.54,69,Sitio_Web,0,148.0
7247.12,82,App_Movil,0,403.6
2369.0,120,Sitio_Web,0,146.9
3509.71,117,Sitio_Web,0,202.8
10487.47,153,App_Movil,1,454.5
6631.68,41,App_Movil,0,348.9
1866.56,59,Sitio_Web,1,82.3
15854.7,32,Plataforma_SaaS,0,767.6
8154.95,20,App_Movil,0,448.4
1562.68,124,Sitio_Web,1,79.9
21291.19,51,Plataforma_SaaS,0,1009.3
15756.69,178,Plataforma_SaaS,0,774.2
1868.95,57,Sitio_Web,0,108.0
1141.83,177,Sitio_Web,0,74.5
11299.21,125,Plataforma_SaaS,1,452.5
11543.53,157,App_Movil,0,625.4
1776.32,25,Sitio_Web,1,94.5
1340.35,88,Sitio_Web,1,60.1
2274.15,82,Sitio_Web,0,149.5
5763.79,98,App_Movil,1,243.6
3316.43,39,App_Movil,0,168.7
1834.06,153,Sitio_Web,1,104.6
7896.98,34,App_Movil,0,432.3
7965.41,129,App_Movil,1,383.8
1940.99,132,Sitio_Web,0,117.1
2231.37,43,Sitio_Web,0,150.9
11689.66,160,App_Movil,1,507.5
13792.27,105,Plataforma_SaaS,1,537.6
5324.04,104,App_Movil,0,296.5
5191.2,133,App_Movil,0,262.9
2264.85,174,Sitio_Web,1,111.3
9835.68,86,App_Movil,1,454.3
4853.89,44,App_Movil,1,223.4
3069.75,83,Sitio_Web,1,153.6
867.68,132,Sitio_Web,1,38.9
2140.59,93,Sitio_Web,1,109.1
3282.77,60,Sitio_Web,0,202.7
1883.95,156,Sitio_Web,0,106.4
2603.96,22,Sitio_Web,1,133.9
1455.93,34,Sitio_Web,1,83.6
3174.39,169,Sitio_Web,0,188.2
7941.02,179,Plataforma_SaaS,0,381.9
10672.88,52,App_Movil,1,485.1
4783.77,78,App_Movil,0,263.8
22739.16,91,Plataforma_SaaS,0,1100.3
6172.76,32,App_Movil,0,323.2
3112.59,91,Sitio_Web,0,181.5
5873.03,159,App_Movil,0,312.2
11153.21,71,App_Movil,0,593.2
4139.73,140,App_Movil,0,205.6
4606.68,157,App_Movil,1,174.8
2377.7,121,Sitio_Web,0,154.6
1062.2,70,Sitio_Web,1,37.6
1427.14,93,Sitio_Web,1,87.0
11493.9,177,App_Movil,0,628.1
11788.41,113,App_Movil,1,526.4
2004.03,157,Sitio_Web,0,126.4
23619.15,102,Plataforma_SaaS,1,949.0
7903.42,164,App_Movil,0,415.8
1663.18,83,Sitio_Web,1,83.0
3047.68,152,Sitio_Web,1,142.6
2908.49,93,Sitio_Web,0,181.1
3965.2,155,Sitio_Web,0,230.8
1648.15,63,Sitio_Web,1,81.4
2950.59,109,Sitio_Web,1,146.1
966.48,157,Sitio_Web,0,59.2
1163.67,97,Sitio_Web,1,74.8
7070.53,51,Plataforma_SaaS,0,337.0
3998.27,178,Sitio_Web,1,212.1
10220.46,94,App_Movil,0,556.7
10080.51,121,App_Movil,1,467.8
16175.07,53,Plataforma_SaaS,0,773.0
1760.21,174,Sitio_Web,0,112.6
1284.05,176,Sitio_Web,0,76.5
12124.15,141,Plataforma_SaaS,0,552.1
13767.48,56,Plataforma_SaaS,0,649.9
20613.58,90,Plataforma_SaaS,0,995.3
2526.92,97,Sitio_Web,1,131.5
1047.95,140,Sitio_Web,0,49.9
3162.26,97,App_Movil,0,173.0
8841.98,143,Plataforma_SaaS,0,429.4
6694.49,115,App_Movil,0,361.2
11398.74,63,App_Movil,0,622.8
2839.69,37,Sitio_Web,0,176.3
21432.87,27,Plataforma_SaaS,0,1028.4
2292.4,96,Sitio_Web,0,132.4
1957.33,46,Sitio_Web,0,127.9
3975.6,118,App_Movil,0,219.3
10883.4,51,App_Movil,0,573.9
3306.11,83,Sitio_Web,0,200.6
1337.98,93,Sitio_Web,1,55.4
7610.35,154,App_Movil,0,401.3
2359.6,107,Sitio_Web,1,111.5
8625.82,123,App_Movil,0,466.2
3827.8,98,Sitio_Web,1,195.1
8217.94,151,App_Movil,1,365.7
7861.96,34,App_Movil,0,420.9
961.03,175,Sitio_Web,1,43.0
1001.3,31,Sitio_Web,0,70.6
1399.51,64,Sitio_Web,0,55.4
903.91,47,Sitio_Web,1,42.1
20380.35,140,Plataforma_SaaS,1,830.7
3114.66,81,Sitio_Web,0,192.1
9449.01,44,Plataforma_SaaS,0,466.2
3475.45,140,Sitio_Web,0,188.2
4393.07,179,App_Movil,0,224.8
12421.16,81,Plataforma_SaaS,1,502.0
5240.79,148,App_Movil,0,298.5
6350.76,72,App_Movil,0,331.5
5291.97,174,App_Movil,0,281.9
2364.64,9,Sitio_Web,0,145.9
14333.34,123,Plataforma_SaaS,0,673.5
24758.25,105,Plataforma_SaaS,1,995.5
8006.67,158,Plataforma_SaaS,1,293.5
1254.98,25,Sitio_Web,1,67.7
3475.43,152,App_Movil,0,177.7
18265.14,122,Plataforma_SaaS,1,726.1
974.43,131,Sitio_Web,1,55.2
3476.61,94,Sitio_Web,1,178.3
7607.45,41,App_Movil,0,410.7
7743.07,7,App_Movil,0,427.8
17108.7,159,Plataforma_SaaS,0,804.2
1346.6,179,Sitio_Web,0,82.8
10558.43,132,Plataforma_SaaS,0,498.9
1820.22,95,Sitio_Web,0,118.4
2699.19,150,Sitio_Web,0,168.8
1472.38,153,Sitio_Web,1,80.9
9093.97,157,Plataforma_SaaS,0,453.0
11731.05,31,App_Movil,0,644.7
3197.84,22,App_Movil,1,142.3
3368.63,79,Sitio_Web,1,168.4
21184.63,135,Plataforma_SaaS,1,853.4
1751.09,48,Sitio_Web,1,88.9
9441.28,153,Plataforma_SaaS,0,460.2
4310.66,168,App_Movil,1,171.7
3031.78,86,Sitio_Web,0,200.7
8785.26,110,App_Movil,0,475.0
3304.79,152,Sitio_Web,0,182.1
11437.33,40,App_Movil,0,608.5
9227.35,95,App_Movil,0,477.0
1298.72,131,Sitio_Web,1,54.0
11381.97,51,Plataforma_SaaS,1,453.9
3495.02,140,Sitio_Web,0,224.8
4883.75,27,App_Movil,0,267.8
8305.4,128,Plataforma_SaaS,1,334.5
9329.52,76,App_Movil,1,408.5
2088.08,102,Sitio_Web,0,117.0
23560.72,111,Plataforma_SaaS,1,935.0
8852.3,54,App_Movil,0,471.0
1089.34,45,Sitio_Web,0,61.8
3833.14,37,Sitio_Web,1,188.9
11654.03,16,Plataforma_SaaS,0,556.0
6034.91,36,App_Movil,0,319.2
6620.34,24,App_Movil,1,299.3
7922.04,94,Plataforma_SaaS,1,313.7
15937.28,131,Plataforma_SaaS,0,749.0
1194.62,79,Sitio_Web,0,72.0
2083.11,21,Sitio_Web,0,123.8
1922.27,10,Sitio_Web,1,80.3
9955.56,174,App_Movil,0,531.7
3370.15,15,Sitio_Web,0,208.2
4380.72,115,App_Movil,1,185.8
13597.92,143,Plataforma_SaaS,0,640.3
13720.36,160,Plataforma_SaaS,0,655.3
1284.51,138,Sitio_Web,0,83.3
21372.16,22,Plataforma_SaaS,1,873.0
3063.13,149,Sitio_Web,0,190.4
10426.87,105,Plataforma_SaaS,0,511.3
1973.51,127,Sitio_Web,1,102.1
1138.58,58,Sitio_Web,0,61.5
18307.72,75,Plataforma_SaaS,0,885.3
1188.39,11,Sitio_Web,0,70.4
3954.99,26,Sitio_Web,0,241.1
10026.14,85,App_Movil,0,532.0
6512.15,152,App_Movil,0,356.3
8207.08,117,App_Movil,0,442.0
11202.08,8,App_Movil,0,607.2
7986.89,99,App_Movil,1,358.6
1358.4,19,Sitio_Web,1,65.1
2011.85,10,Sitio_Web,1,105.4
3498.06,176,Sitio_Web,1,170.8
18595.83,115,Plataforma_SaaS,0,876.7
8856.52,80,App_Movil,1,379.8
10801.39,101,App_Movil,0,585.1
11045.76,111,App_Movil,1,492.6
23556.27,14,Plataforma_SaaS,1,925.0
1103.52,73,Sitio_Web,1,56.2
7897.13,116,App_Movil,1,354.4
9664.59,15,App_Movil,0,516.9
9812.34,123,App_Movil,0,532.3
2741.49,17,Sitio_Web,0,177.6
10002.17,105,Plataforma_SaaS,0,493.0
21353.57,48,Plataforma_SaaS,0,1026.4
9481.0,147,App_Movil,1,425.8
3775.22,170,App_Movil,1,171.5
15348.58,126,Plataforma_SaaS,0,739.8
4565.8,147,App_Movil,1,202.8
1879.93,18,Sitio_Web,1,95.7
3162.73,43,App_Movil,1,126.6
6602.97,80,App_Movil,1,297.9
7948.89,79,App_Movil,0,434.0
8576.24,58,App_Movil,1,381.0
18942.83,136,Plataforma_SaaS,1,756.8
22053.24,62,Plataforma_SaaS,0,1047.4
4939.17,66,App_Movil,0,254.2
1185.54,29,Sitio_Web,1,61.4
22327.67,109,Plataforma_SaaS,0,1064.4
9819.03,46,Plataforma_SaaS,1,375.0
3919.23,70,Sitio_Web,1,184.8
22165.69,91,Plataforma_SaaS,0,1054.3
16015.78,157,Plataforma_SaaS,0,776.5
11832.79,163,App_Movil,1,534.3
3876.39,95,App_Movil,0,200.6
1769.81,37,Sitio_Web,0,100.3
2842.32,26,Sitio_Web,0,183.7
1920.02,136,Sitio_Web,0,124.6
23710.71,159,Plataforma_SaaS,1,937.2
1010.0,19,Sitio_Web,0,72.2
2558.12,128,Sitio_Web,1,127.1
2690.77,109,Sitio_Web,0,169.4
8874.55,112,App_Movil,0,477.6
11601.99,125,Plataforma_SaaS,1,475.9
1966.61,76,Sitio_Web,1,86.7
3499.78,105,Sitio_Web,0,207.4
4754.48,88,App_Movil,0,268.9
10441.81,81,App_Movil,0,539.9
2600.5,124,Sitio_Web,0,155.6
9859.69,90,App_Movil,1,439.8
3083.54,75,Sitio_Web,0,191.9
1464.04,65,Sitio_Web,0,98.5
8119.31,132,App_Movil,0,445.7
10809.51,117,App_Movil,1,488.8
14778.09,68,Plataforma_SaaS,1,591.5
3893.09,150,Sitio_Web,0,230.2
7069.94,134,App_Movil,1,320.2
4285.07,111,App_Movil,0,246.0
2046.19,74,Sitio_Web,0,114.5
11565.32,21,App_Movil,1,516.4
1823.11,41,Sitio_Web,1,90.4
22625.77,20,Plataforma_SaaS,1,915.0
3620.0,108,Sitio_Web,0,219.4
6151.68,106,App_Movil,0,342.0
1066.42,13,Sitio_Web,1,63.7
20042.04,36,Plataforma_SaaS,0,967.9
5803.61,55,App_Movil,0,302.8
10046.31,150,App_Movil,0,559.1
2216.5,117,Sitio_Web,1,124.9
7367.4,78,App_Movil,0,398.5
3289.31,86,Sitio_Web,0,183.5
13882.54,89,Plataforma_SaaS,1,539.7
2218.01,48,Sitio_Web,0,135.6
2003.81,23,Sitio_Web,0,113.2
1975.49,179,Sitio_Web,0,101.4
7733.52,13,App_Movil,0,401.8
10279.2,161,App_Movil,0,550.4
1957.66,16,Sitio_Web,0,119.4
16436.58,40,Plataforma_SaaS,1,671.5
9036.55,42,App_Movil,0,492.8
5424.96,159,App_Movil,1,240.3
5497.71,12,App_Movil,0,300.7
11400.72,158,App_Movil,0,618.5
9511.81,152,App_Movil,0,521.0
2647.0,140,Sitio_Web,0,158.4
2872.7,35,Sitio_Web,1,154.0
7527.39,132,Plataforma_SaaS,0,369.6
18125.85,159,Plataforma_SaaS,0,870.9
2430.43,87,Sitio_Web,1,120.3
2546.4,180,Sitio_Web,1,136.5
6234.81,158,App_Movil,1,273.4
3733.27,81,App_Movil,0,186.5
1418.69,32,Sitio_Web,1,55.8
3842.38,133,Sitio_Web,0,222.6
6678.3,121,App_Movil,0,367.2
7200.15,132,App_Movil,0,384.6
968.67,34,Sitio_Web,0,60.2
920.21,137,Sitio_Web,0,50.3
3094.98,81,Sitio_Web,0,180.8
7842.85,172,App_Movil,1,342.7
2427.86,84,Sitio_Web,0,144.8
1578.0,96,Sitio_Web,0,92.9
20405.51,27,Plataforma_SaaS,0,983.6
1338.36,60,Sitio_Web,1,69.8
4709.41,109,App_Movil,0,252.3
2274.28,65,Sitio_Web,0,121.4
1716.1,78,Sitio_Web,1,96.5
1591.88,26,Sitio_Web,1,78.7
8807.14,118,App_Movil,0,476.4
18717.49,65,Plataforma_SaaS,1,764.7
21841.31,77,Plataforma_SaaS,1,882.7
2136.67,143,Sitio_Web,1,111.3
3657.77,115,App_Movil,0,197.5
1675.73,135,Sitio_Web,1,83.7
3936.02,163,Sitio_Web,0,238.6
17732.65,62,Plataforma_SaaS,0,855.2
3071.16,41,Sitio_Web,0,201.4
823.55,129,Sitio_Web,0,74.1
2458.26,137,Sitio_Web,0,150.4
920.09,110,Sitio_Web,1,24.5
2621.54,13,Sitio_Web,0,147.8
11286.94,33,App_Movil,0,627.6
11715.77,7,App_Movil,0,639.8
16729.95,178,Plataforma_SaaS,0,807.3
15247.69,93,Plataforma_SaaS,1,608.2
3824.05,47,Sitio_Web,0,217.6
2955.55,129,Sitio_Web,0,194.1
1007.68,81,Sitio_Web,0,52.2
7191.53,48,App_Movil,0,395.6
1568.78,123,Sitio_Web,0,81.1
7228.24,167,App_Movil,1,323.1
7099.19,69,App_Movil,1,329.4
8239.3,171,App_Movil,0,442.4
6210.93,133,App_Movil,1,275.8
1325.67,139,Sitio_Web,1,66.4
16066.95,54,Plataforma_SaaS,1,629.3
21943.65,9,Plataforma_SaaS,0,1038.1
2924.84,122,Sitio_Web,0,182.6
13090.62,105,Plataforma_SaaS,0,624.1
11419.71,122,App_Movil,1,521.0
23419.74,20,Plataforma_SaaS,1,948.0
10768.27,118,Plataforma_SaaS,0,528.9
3354.76,67,App_Movil,0,164.9
3172.19,165,Sitio_Web,1,151.6
3448.35,101,Sitio_Web,1,177.8
11710.78,23,App_Movil,1,532.5
11008.53,130,App_Movil,1,517.9
2721.71,30,Sitio_Web,0,154.2
2496.17,122,Sitio_Web,0,161.5
7501.14,157,Plataforma_SaaS,1,303.8
11439.82,88,Plataforma_SaaS,0,532.7
7136.53,56,App_Movil,0,379.9
2811.21,85,Sitio_Web,1,143.2
2583.21,85,Sitio_Web,0,137.9
3176.44,76,Sitio_Web,1,138.1
12035.8,33,Plataforma_SaaS,0,560.1
2607.85,21,Sitio_Web,1,133.0
3793.28,56,App_Movil,0,200.0
2123.73,42,Sitio_Web,0,121.2
9751.45,14,App_Movil,1,433.0
9240.61,85,App_Movil,0,484.8
24831.57,137,Plataforma_SaaS,1,988.7
1689.25,53,Sitio_Web,1,66.3
2394.21,111,Sitio_Web,0,155.5
1854.5,104,Sitio_Web,0,128.2
14930.86,102,Plataforma_SaaS,0,693.4
22425.1,166,Plataforma_SaaS,0,1071.7
9157.88,122,App_Movil,1,408.1
10941.97,19,App_Movil,1,490.6
4831.6,7,App_Movil,1,227.4
3594.76,40,Sitio_Web,1,175.1
8075.72,85,Plataforma_SaaS,0,386.8
10997.39,84,App_Movil,1,524.7
1853.04,127,Sitio_Web,1,91.5
5831.29,99,App_Movil,1,280.1
2438.68,104,Sitio_Web,1,127.0
3810.21,88,Sitio_Web,0,223.1
3430.03,165,App_Movil,1,147.1
1927.14,159,Sitio_Web,0,115.6
10709.15,44,App_Movil,0,567.0
2067.37,20,Sitio_Web,0,115.4
1437.3,142,Sitio_Web,1,67.6
2159.34,97,Sitio_Web,1,110.9
2033.77,60,Sitio_Web,1,119.9
11238.75,136,App_Movil,1,500.9
3238.19,107,Sitio_Web,0,198.9
7546.04,95,App_Movil,1,323.3
11895.34,62,App_Movil,0,653.0
7187.5,100,App_Movil,0,370.9
8048.28,99,Plataforma_SaaS,0,394.3
5360.47,90,App_Movil,1,240.4
2195.43,91,Sitio_Web,1,108.6
1302.09,28,Sitio_Web,0,75.1
3832.21,41,Sitio_Web,0,216.9
9901.64,22,App_Movil,1,433.1
1658.52,56,Sitio_Web,0,107.9
8317.24,128,App_Movil,1,374.4
9493.04,134,App_Movil,1,424.1
3812.09,119,Sitio_Web,0,233.2
22869.44,177,Plataforma_SaaS,0,1098.7
2448.62,23,Sitio_Web,1,114.5
3278.89,86,Sitio_Web,1,188.6
8059.3,136,App_Movil,0,442.6
7974.34,138,App_Movil,1,360.1
4032.68,91,App_Movil,0,212.6
4135.24,173,App_Movil,0,232.8
2494.51,100,Sitio_Web,1,116.8
11839.51,140,Plataforma_SaaS,1,464.9
7378.66,87,Plataforma_SaaS,0,371.1
9505.55,75,App_Movil,1,428.1
903.96,75,Sitio_Web,0,46.6
8357.49,154,App_Movil,0,451.4
2525.42,22,Sitio_Web,0,160.0
3900.21,57,Sitio_Web,1,201.2
15715.84,111,Plataforma_SaaS,0,764.1
1003.52,171,Sitio_Web,0,47.7
16930.38,176,Plataforma_SaaS,0,822.1
10569.87,72,App_Movil,1,473.9
3989.92,15,Sitio_Web,1,200.4
6873.09,113,App_Movil,1,321.4
12765.38,106,Plataforma_SaaS,0,619.8
11159.88,92,App_Movil,1,505.7
10442.36,70,Plataforma_SaaS,0,481.4
8538.86,28,App_Movil,1,383.8
6651.43,168,App_Movil,1,291.5
7739.48,163,Plataforma_SaaS,0,378.6
1911.32,172,Sitio_Web,1,105.5
5387.06,116,App_Movil,0,287.9
2995.49,103,Sitio_Web,0,173.1
24078.23,24,Plataforma_SaaS,0,1171.3
11824.85,77,Plataforma_SaaS,0,561.6
3396.69,133,Sitio_Web,0,191.9
3498.24,103,App_Movil,1,149.1
16686.18,7,Plataforma_SaaS,0,795.4
1025.76,138,Sitio_Web,1,42.7
11406.3,10,App_Movil,0,624.4
20794.32,131,Plataforma_SaaS,0,976.1
2905.44,88,Sitio_Web,1,136.4
10415.07,33,App_Movil,0,561.9
2872.06,177,Sitio_Web,0,174.4
24441.0,65,Plataforma_SaaS,1,994.6
19851.24,38,Plataforma_SaaS,0,968.3
23643.85,167,Plataforma_SaaS,0,1118.9
7654.19,34,App_Movil,0,394.2
9107.16,112,Plataforma_SaaS,1,364.5
16507.2,111,Plataforma_SaaS,1,653.6
1205.99,76,Sitio_Web,1,48.4
17664.88,68,Plataforma_SaaS,1,706.8
2343.98,40,Sitio_Web,0,142.9
8603.18,93,App_Movil,0,456.2
832.15,120,Sitio_Web,1,35.4
1423.49,112,Sitio_Web,0,77.8
2372.26,62,Sitio_Web,0,138.2
11554.53,119,App_Movil,0,629.4
2027.55,19,Sitio_Web,0,110.9
6819.35,24,App_Movil,1,300.5
3087.03,119,Sitio_Web,0,181.2
2732.14,177,Sitio_Web,0,163.9
5690.34,45,App_Movil,0,310.0
14394.7,176,Plataforma_SaaS,1,596.2
1496.64,85,Sitio_Web,0,95.5
11694.19,152,App_Movil,0,637.4
9351.42,157,Plataforma_SaaS,1,371.4
6346.53,36,App_Movil,1,275.8
882.68,104,Sitio_Web,0,47.7
1509.69,64,Sitio_Web,0,83.5
21048.48,73,Plataforma_SaaS,0,1014.2
1443.76,77,Sitio_Web,0,70.1
8441.14,152,Plataforma_SaaS,0,411.1
7270.08,112,App_Movil,0,391.4
7179.45,13,Plataforma_SaaS,0,351.9
8525.79,46,Plataforma_SaaS,0,402.0
21537.27,76,Plataforma_SaaS,1,852.5
3268.71,74,Sitio_Web,1,159.4
23472.5,55,Plataforma_SaaS,1,934.6
10690.64,58,App_Movil,0,585.4
9148.58,120,App_Movil,0,502.0
3471.0,113,App_Movil,1,175.2
21091.28,35,Plataforma_SaaS,0,1007.4
22219.19,155,Plataforma_SaaS,0,1033.0
21383.48,84,Plataforma_SaaS,0,1022.3
7576.31,15,App_Movil,1,343.2
5096.12,82,App_Movil,1,236.5
10607.97,48,App_Movil,0,575.9
3126.92,134,Sitio_Web,0,182.7
3938.44,26,Sitio_Web,1,214.1
1298.22,161,Sitio_Web,0,67.6
1522.13,172,Sitio_Web,1,73.4
1477.75,78,Sitio_Web,1,63.1
3336.13,71,Sitio_Web,1,167.0
1398.1,119,Sitio_Web,0,99.8
1013.31,30,Sitio_Web,0,59.4
24974.09,134,Plataforma_SaaS,0,1197.4
3223.35,89,App_Movil,1,128.1
3472.78,69,Sitio_Web,1,170.8
6288.3,66,App_Movil,0,351.1
3493.17,105,Sitio_Web,0,207.1
16983.17,68,Plataforma_SaaS,1,676.1
23229.36,36,Plataforma_SaaS,1,940.2
3763.82,28,Sitio_Web,1,185.1
3081.88,132,App_Movil,0,179.3
8357.42,163,Plataforma_SaaS,0,388.3
11506.46,175,Plataforma_SaaS,1,467.0
9023.84,48,App_Movil,1,422.5
10994.45,104,App_Movil,0,603.8
2271.81,37,Sitio_Web,0,117.6
17925.52,164,Plataforma_SaaS,0,854.0
1403.2,118,Sitio_Web,0,81.8
21489.4,152,Plataforma_SaaS,0,1041.6
11705.95,128,App_Movil,1,513.5
5417.39,23,App_Movil,0,282.3
7453.43,44,App_Movil,1,319.4
1075.57,148,Sitio_Web,0,56.3
2589.24,116,Sitio_Web,1,116.9
2408.91,28,Sitio_Web,1,136.4
1262.2,62,Sitio_Web,0,69.3
14957.19,125,Plataforma_SaaS,0,724.9
1869.13,153,Sitio_Web,0,112.3
2469.86,63,Sitio_Web,0,148.2
17541.78,178,Plataforma_SaaS,1,695.8
7152.92,41,Plataforma_SaaS,1,293.8
20698.11,120,Plataforma_SaaS,0,995.1
19834.26,131,Plataforma_SaaS,0,953.0
1972.12,135,Sitio_Web,0,112.4
969.39,58,Sitio_Web,1,44.2
20588.79,91,Plataforma_SaaS,0,994.2
11596.58,171,App_Movil,0,628.5
1568.49,71,Sitio_Web,1,79.7
12823.44,135,Plataforma_SaaS,1,505.4
1388.2,27,Sitio_Web,0,102.7
2646.2,22,Sitio_Web,1,127.5
4393.57,129,App_Movil,0,237.0
6205.75,67,App_Movil,0,333.2
9273.12,60,App_Movil,1,436.8
2592.37,174,Sitio_Web,1,126.7
13956.33,32,Plataforma_SaaS,0,666.1
2144.8,86,Sitio_Web,0,129.9
2598.75,71,Sitio_Web,0,149.0
7105.57,106,Plataforma_SaaS,0,342.2
8413.18,80,Plataforma_SaaS,0,427.5
22862.65,177,Plataforma_SaaS,0,1100.4
8401.82,23,Plataforma_SaaS,0,405.9
9361.23,127,App_Movil,1,414.1
11280.34,29,App_Movil,1,524.7
1666.19,141,Sitio_Web,1,102.7
6334.42,178,App_Movil,0,350.6
2620.55,77,Sitio_Web,1,137.6
3621.47,114,Sitio_Web,1,178.7
11477.15,85,App_Movil,1,520.4
9656.07,168,App_Movil,1,426.2
1077.18,52,Sitio_Web,1,42.6
2941.29,84,Sitio_Web,0,161.6
6692.73,22,App_Movil,0,365.5
2306.24,77,Sitio_Web,1,101.5
7884.67,102,Plataforma_SaaS,1,310.4
4719.56,153,App_Movil,1,211.8
10114.62,8,App_Movil,0,556.1
7085.63,16,App_Movil,0,376.8
12429.92,131,Plataforma_SaaS,0,607.8
2028.86,87,Sitio_Web,1,110.8
10689.6,146,App_Movil,0,566.5
9740.99,76,App_Movil,0,537.2
1671.41,156,Sitio_Web,0,97.4
9115.03,38,Plataforma_SaaS,0,432.5
11535.97,111,Plataforma_SaaS,1,458.6
11286.81,90,App_Movil,1,507.9
17468.6,135,Plataforma_SaaS,1,694.6
16602.64,64,Plataforma_SaaS,0,788.5
8367.54,152,App_Movil,1,369.0
13588.51,140,Plataforma_SaaS,0,653.6
10263.96,51,App_Movil,1,460.3
7709.58,103,App_Movil,0,421.6
4050.73,29,App_Movil,0,219.3
9323.17,29,Plataforma_SaaS,1,373.7
2517.95,160,Sitio_Web,1,131.8
23858.26,141,Plataforma_SaaS,0,1159.4
12550.34,85,Plataforma_SaaS,1,516.6
3582.53,50,Sitio_Web,0,228.4
20753.72,33,Plataforma_SaaS,0,1004.9
1593.0,32,Sitio_Web,0,116.4
916.29,103,Sitio_Web,0,59.4
3916.63,42,App_Movil,0,214.8
3131.18,115,Sitio_Web,0,210.3
10594.06,61,Plataforma_SaaS,0,481.3
13682.88,75,Plataforma_SaaS,1,545.2
7515.29,67,App_Movil,0,418.4
3121.5,136,Sitio_Web,1,165.9
1162.34,61,Sitio_Web,0,95.4
6657.3,128,App_Movil,1,300.7
15731.31,103,Plataforma_SaaS,0,750.8
7867.44,86,App_Movil,0,421.5
3418.75,93,Sitio_Web,0,208.3
4545.1,44,App_Movil,0,261.7
10270.48,125,App_Movil,0,570.9
19471.81,84,Plataforma_SaaS,1,778.3
2578.79,163,Sitio_Web,1,131.5
19591.5,160,Plataforma_SaaS,1,777.5
6708.16,41,App_Movil,1,296.8
9491.16,85,Plataforma_SaaS,0,466.0
2930.45,73,Sitio_Web,0,191.8
7722.05,93,App_Movil,0,410.0
18508.75,163,Plataforma_SaaS,0,890.8
1881.6,40,Sitio_Web,0,110.5
23323.6,103,Plataforma_SaaS,0,1128.2
8286.33,175,App_Movil,0,443.6
1073.29,175,Sitio_Web,0,45.1
2239.37,157,Sitio_Web,1,122.0
9807.2,77,App_Movil,1,438.3
3341.23,9,Sitio_Web,0,198.5
7451.37,64,App_Movil,1,339.7
3663.19,38,Sitio_Web,1,186.7
5409.02,37,App_Movil,0,296.6
2113.92,88,Sitio_Web,0,110.5
23174.74,49,Plataforma_SaaS,0,1118.0
23132.62,141,Plataforma_SaaS,1,906.2
19342.83,111,Plataforma_SaaS,1,781.4
10730.82,7,App_Movil,0,590.6
1084.07,67,Sitio_Web,0,51.4
22569.91,20,Plataforma_SaaS,0,1086.6
1825.98,12,Sitio_Web,0,120.1
1370.66,109,Sitio_Web,0,77.7
1565.98,16,Sitio_Web,1,85.0
6761.72,77,App_Movil,1,276.4
11521.46,96,Plataforma_SaaS,1,471.8
5885.11,164,App_Movil,1,265.1
4214.81,155,App_Movil,1,187.1
1747.77,132,Sitio_Web,0,114.7
17301.11,103,Plataforma_SaaS,1,709.3
6976.68,80,App_Movil,0,381.6
6120.47,121,App_Movil,1,291.5
3188.65,176,Sitio_Web,0,175.8
23083.18,57,Plataforma_SaaS,1,930.0
9811.1,62,App_Movil,0,528.5
1862.4,47,Sitio_Web,0,103.9
3182.21,38,Sitio_Web,0,171.6
4367.82,21,App_Movil,0,242.0
4172.86,68,App_Movil,1,196.5
1906.01,161,Sitio_Web,1,108.7
21538.64,34,Plataforma_SaaS,0,1045.6
1588.31,70,Sitio_Web,0,87.6
3569.28,136,App_Movil,0,205.6
9370.77,133,Plataforma_SaaS,0,463.8
10728.7,42,App_Movil,0,576.7
8704.05,120,App_Movil,1,392.0
1610.24,19,Sitio_Web,0,87.3
2576.95,21,Sitio_Web,0,169.4
16496.43,95,Plataforma_SaaS,0,776.7
8898.92,28,App_Movil,0,485.9
11197.38,80,Plataforma_SaaS,0,531.5
3566.09,31,Sitio_Web,1,167.2
1789.98,107,Sitio_Web,0,88.7
3021.22,177,Sitio_Web,0,179.1
3145.12,123,App_Movil,0,157.2
1992.5,172,Sitio_Web,0,120.1
13330.78,47,Plataforma_SaaS,0,657.6
7891.36,179,App_Movil,1,357.1
8309.25,94,Plataforma_SaaS,1,352.3
3328.42,174,Sitio_Web,0,189.9
10920.05,116,Plataforma_SaaS,0,511.4
19186.68,126,Plataforma_SaaS,0,910.7
21457.82,103,Plataforma_SaaS,0,1029.3
17113.79,151,Plataforma_SaaS,1,711.8
20335.9,63,Plataforma_SaaS,1,796.8
8956.74,136,App_Movil,0,489.9
1937.7,102,Sitio_Web,0,109.3
3388.35,127,Sitio_Web,0,201.1
12304.62,68,Plataforma_SaaS,1,479.6
8140.92,143,App_Movil,1,375.1
20417.16,74,Plataforma_SaaS,0,979.6
6410.6,87,App_Movil,0,357.0
1768.86,23,Sitio_Web,1,90.2
2269.91,123,Sitio_Web,0,116.9
10361.67,56,App_Movil,0,570.5
11369.3,118,App_Movil,0,593.8
2544.27,100,Sitio_Web,1,108.5
8953.2,174,App_Movil,0,474.3
3690.48,91,Sitio_Web,0,212.4
3886.92,155,App_Movil,1,188.9
1542.65,152,Sitio_Web,0,90.8
19760.2,163,Plataforma_SaaS,0,961.0
3435.98,158,Sitio_Web,0,200.5
10713.26,80,App_Movil,0,581.7
2128.34,115,Sitio_Web,1,111.2
1085.89,151,Sitio_Web,0,72.1
2200.9,24,Sitio_Web,0,127.4
5076.61,48,App_Movil,0,270.4
5620.77,107,App_Movil,1,250.0
3271.26,51,Sitio_Web,1,147.0
3679.74,88,App_Movil,0,197.9
21896.46,23,Plataforma_SaaS,0,1047.2
14698.04,79,Plataforma_SaaS,1,593.7
2707.4,20,Sitio_Web,0,163.4
3806.87,163,App_Movil,1,184.7
1879.55,138,Sitio_Web,1,94.7
1087.04,88,Sitio_Web,1,48.7
24307.79,154,Plataforma_SaaS,0,1167.4
3383.24,126,Sitio_Web,0,210.2
7136.69,126,App_Movil,1,303.4
5012.42,53,App_Movil,0,263.5
11401.1,113,App_Movil,0,608.7
6101.37,114,App_Movil,1,278.7
1315.15,15,Sitio_Web,1,71.0
2602.13,85,Sitio_Web,0,157.1
11493.97,161,App_Movil,0,595.9
812.26,21,Sitio_Web,0,32.2
1562.0,25,Sitio_Web,1,75.7
3803.03,96,Sitio_Web,1,185.1
1347.48,32,Sitio_Web,0,80.9
1162.38,160,Sitio_Web,0,65.0
2624.6,160,Sitio_Web,1,146.5
10756.59,180,App_Movil,0,557.9
7293.99,98,App_Movil,0,396.9
24902.16,88,Plataforma_SaaS,1,1004.4
2973.35,137,Sitio_Web,0,185.4
1037.04,48,Sitio_Web,1,59.7
3977.06,25,Sitio_Web,0,247.9
6671.05,23,App_Movil,0,354.2
5586.62,167,App_Movil,1,240.4
2585.21,82,Sitio_Web,0,134.8
12477.54,69,Plataforma_SaaS,1,495.5
1076.66,137,Sitio_Web,0,56.8
3012.86,113,App_Movil,0,174.3
7046.25,55,App_Movil,0,377.6
22063.54,61,Plataforma_SaaS,0,1048.7
8150.84,160,App_Movil,0,428.3
24985.73,105,Plataforma_SaaS,0,1219.2
1717.91,58,Sitio_Web,0,102.9
12048.19,106,Plataforma_SaaS,0,570.5
1311.2,123,Sitio_Web,1,66.8
9953.14,124,Plataforma_SaaS,1,417.1
5566.68,13,App_Movil,1,246.6
21271.12,52,Plataforma_SaaS,0,1027.9
11151.81,52,App_Movil,0,614.1
11775.78,106,App_Movil,1,511.0
5090.61,150,App_Movil,0,268.5
10931.68,158,App_Movil,0,600.9
1850.42,60,Sitio_Web,1,85.5
1161.09,68,Sitio_Web,1,62.2
3584.08,135,Sitio_Web,0,207.5
2835.54,55,Sitio_Web,0,165.7
9965.16,31,Plataforma_SaaS,1,392.9
2175.46,16,Sitio_Web,0,136.9
12170.64,124,Plataforma_SaaS,1,488.8
3157.74,150,Sitio_Web,1,158.9
2250.93,163,Sitio_Web,1,137.6
24807.04,98,Plataforma_SaaS,0,1208.1
3492.7,140,App_Movil,0,168.8
6195.14,150,App_Movil,1,274.3
7337.1,154,App_Movil,1,354.4
7528.2,86,App_Movil,1,333.0
1810.99,77,Sitio_Web,0,129.5
20126.32,84,Plataforma_SaaS,0,961.8
22745.45,49,Plataforma_SaaS,1,907.5
11448.47,160,App_Movil,1,523.8
3376.3,96,Sitio_Web,1,167.9
10655.22,84,App_Movil,1,484.4
2561.74,167,Sitio_Web,0,169.5
3442.84,32,Sitio_Web,1,179.7
1771.21,127,Sitio_Web,1,90.0
6586.31,51,App_Movil,0,372.4
12704.43,69,Plataforma_SaaS,1,516.9
7206.49,74,App_Movil,0,381.8
5570.22,160,App_Movil,0,320.6
11654.5,8,App_Movil,1,530.9
1801.1,148,Sitio_Web,0,105.9
1113.74,114,Sitio_Web,0,46.6
16482.71,36,Plataforma_SaaS,0,777.4
982.72,55,Sitio_Web,0,76.0
8989.78,146,Plataforma_SaaS,0,448.9
4974.5,50,App_Movil,0,269.5
7179.15,167,App_Movil,1,305.4
6899.26,19,App_Movil,0,361.7
10197.23,84,App_Movil,0,534.4
20310.54,132,Plataforma_SaaS,0,958.3
14673.73,104,Plataforma_SaaS,1,607.2
6003.34,32,App_Movil,0,344.8
1812.7,155,Sitio_Web,1,79.4
9965.96,162,App_Movil,1,448.4
7937.3,54,Plataforma_SaaS,1,304.6
841.03,174,Sitio_Web,0,50.3
10159.9,72,App_Movil,1,473.6
7294.32,93,App_Movil,0,404.7
4177.93,85,App_Movil,1,196.1
1553.81,29,Sitio_Web,1,75.7
11392.54,87,App_Movil,0,627.8
22471.05,54,Plataforma_SaaS,0,1085.1
3071.31,130,Sitio_Web,0,188.3
2343.12,136,Sitio_Web,1,116.0
16365.83,90,Plataforma_SaaS,0,788.7
3920.78,26,Sitio_Web,0,238.1
24383.87,52,Plataforma_SaaS,0,1165.0
4937.42,137,App_Movil,1,214.4
3395.53,18,Sitio_Web,1,159.8
10550.37,46,Plataforma_SaaS,1,412.7
4921.84,72,App_Movil,1,219.6
9084.84,106,App_Movil,0,487.1
2096.0,84,Sitio_Web,0,119.6
11383.9,22,App_Movil,1,505.3
1084.83,89,Sitio_Web,0,68.0
2436.88,168,Sitio_Web,0,160.0
23533.39,50,Plataforma_SaaS,0,1129.5
3693.16,140,Sitio_Web,0,220.8
4408.76,106,App_Movil,0,228.7
1973.24,28,Sitio_Web,1,96.4
18144.19,24,Plataforma_SaaS,0,882.8
1310.06,18,Sitio_Web,0,89.0
24424.4,129,Plataforma_SaaS,0,1182.1
11232.74,123,App_Movil,1,514.8
1334.24,57,Sitio_Web,0,84.4
1187.7,77,Sitio_Web,1,63.4
1073.31,54,Sitio_Web,1,56.1
11184.99,25,App_Movil,0,599.8
1419.6,12,Sitio_Web,1,71.8
14493.13,90,Plataforma_SaaS,1,581.9
7039.66,161,App_Movil,1,323.1
2716.84,59,Sitio_Web,1,136.8
3645.62,113,App_Movil,0,217.9
5040.83,107,App_Movil,0,260.1
3780.77,54,Sitio_Web,0,234.4
3706.91,141,Sitio_Web,0,222.0
3300.13,75,Sitio_Web,1,165.0
3174.61,17,App_Movil,0,163.3
5943.06,149,App_Movil,1,277.6
8651.63,137,App_Movil,1,395.9
11953.42,128,Plataforma_SaaS,1,486.5
23372.56,75,Plataforma_SaaS,1,936.6
8705.01,29,App_Movil,0,466.8
8294.32,43,Plataforma_SaaS,0,397.5
3708.82,15,Sitio_Web,0,226.9
3864.85,21,Sitio_Web,0,211.8
1048.68,137,Sitio_Web,0,71.7
2503.55,99,Sitio_Web,0,174.5
5730.28,23,App_Movil,1,262.7
14071.1,160,Plataforma_SaaS,0,672.6
1374.88,155,Sitio_Web,0,80.9
2649.83,78,Sitio_Web,1,139.6
11621.81,155,App_Movil,0,625.0
16055.31,127,Plataforma_SaaS,0,779.3
1065.33,17,Sitio_Web,1,51.5
8580.01,172,App_Movil,1,403.2
1888.71,78,Sitio_Web,1,111.3
3538.96,112,Sitio_Web,0,209.0
14824.21,131,Plataforma_SaaS,1,592.2
10471.11,41,Plataforma_SaaS,1,418.6
1411.54,125,Sitio_Web,0,84.6
20837.76,20,Plataforma_SaaS,1,824.0
5390.29,20,App_Movil,1,231.7
20810.2,16,Plataforma_SaaS,0,1011.4
4852.99,146,App_Movil,0,273.0
5895.18,44,App_Movil,1,276.0
7189.38,114,App_Movil,1,322.8
11488.76,125,App_Movil,0,639.3
3781.54,40,Sitio_Web,1,188.9
1461.99,175,Sitio_Web,0,96.3
1946.3,16,Sitio_Web,0,102.9
4344.59,128,App_Movil,0,232.3
2431.95,151,Sitio_Web,1,120.0
7145.24,151,App_Movil,1,320.9
23213.68,121,Plataforma_SaaS,0,1101.0
3776.02,7,Sitio_Web,0,233.6
6452.11,18,App_Movil,0,358.7
7425.64,109,App_Movil,1,326.7
23132.25,10,Plataforma_SaaS,1,913.8
3381.46,176,Sitio_Web,1,161.4
3032.91,147,App_Movil,1,141.4
12761.07,104,Plataforma_SaaS,1,504.5
14591.94,112,Plataforma_SaaS,0,699.1
5067.45,91,App_Movil,0,262.9
4796.14,127,App_Movil,0,278.8
3340.06,138,App_Movil,1,151.0
18580.66,88,Plataforma_SaaS,1,754.7
5362.59,25,App_Movil,0,294.5
967.51,136,Sitio_Web,1,48.0
11157.63,18,Plataforma_SaaS,0,534.6
10217.23,87,App_Movil,0,544.5
10663.4,80,App_Movil,1,475.3
2345.81,104,Sitio_Web,1,107.2
6744.64,12,App_Movil,1,292.3
3929.13,142,Sitio_Web,0,256.6
4805.08,131,App_Movil,0,262.3
1489.15,57,Sitio_Web,1,89.1
5626.8,17,App_Movil,0,295.9
10109.63,133,Plataforma_SaaS,0,472.7
2013.97,146,Sitio_Web,1,90.9
23395.02,79,Plataforma_SaaS,0,1118.7
8538.13,8,App_Movil,1,384.6
14415.04,14,Plataforma_SaaS,1,575.1
23819.39,145,Plataforma_SaaS,0,1135.6
3436.18,130,App_Movil,0,186.4
4892.49,59,App_Movil,1,221.9
17185.99,16,Plataforma_SaaS,1,694.5
8539.97,118,App_Movil,1,399.0
926.58,14,Sitio_Web,1,42.7
6627.35,42,App_Movil,1,310.4
18684.77,112,Plataforma_SaaS,1,748.1
19565.27,20,Plataforma_SaaS,0,923.9
18486.52,92,Plataforma_SaaS,0,905.2
5885.07,155,App_Movil,0,340.5
8683.36,56,Plataforma_SaaS,0,423.0
2166.76,173,Sitio_Web,0,130.9
4158.79,26,App_Movil,0,221.9
3832.4,93,Sitio_Web,1,187.0
2320.55,141,Sitio_Web,0,151.3
1815.23,143,Sitio_Web,0,108.7
3252.17,135,Sitio_Web,0,211.9
7481.54,160,App_Movil,0,404.4
1792.11,172,Sitio_Web,0,103.4
10307.71,44,App_Movil,0,550.6
3574.89,50,Sitio_Web,0,207.1
2953.63,92,Sitio_Web,1,152.8
950.29,50,Sitio_Web,1,34.6
2612.23,80,Sitio_Web,1,122.4
9869.65,125,App_Movil,1,457.4
4228.53,128,App_Movil,0,218.8
5058.04,140,App_Movil,1,236.2
10942.46,151,App_Movil,1,471.8
864.39,57,Sitio_Web,0,66.4
20549.09,44,Plataforma_SaaS,1,809.3
7263.96,158,App_Movil,0,383.5
7020.95,57,App_Movil,1,322.7
822.71,16,Sitio_Web,1,43.8
3422.07,126,Sitio_Web,0,214.3
1951.44,155,Sitio_Web,1,84.8
2530.45,76,Sitio_Web,1,123.7
9095.71,91,App_Movil,1,403.1
9323.67,63,App_Movil,0,492.4
11603.82,132,App_Movil,1,528.1
16564.12,45,Plataforma_SaaS,0,804.5
14194.95,39,Plataforma_SaaS,0,678.0
11583.33,24,App_Movil,0,640.7
18557.98,63,Plataforma_SaaS,1,734.5
1754.08,102,Sitio_Web,1,102.7
1204.69,54,Sitio_Web,1,65.9
3496.17,48,Sitio_Web,1,162.6
6259.63,33,App_Movil,0,357.8
18888.45,80,Plataforma_SaaS,0,902.2
2306.61,116,Sitio_Web,0,150.4
10580.74,176,Plataforma_SaaS,0,509.3
2725.4,38,Sitio_Web,0,167.3
8092.3,32,Plataforma_SaaS,0,397.4
2122.7,31,Sitio_Web,0,135.8
2549.17,81,Sitio_Web,0,149.5
6924.42,29,App_Movil,0,379.2
3195.75,63,Sitio_Web,0,196.3
3449.36,132,Sitio_Web,1,174.6
3267.98,93,Sitio_Web,1,161.4
7698.63,37,Plataforma_SaaS,1,310.1
4747.16,70,App_Movil,0,276.0
2517.14,39,Sitio_Web,0,148.1
11413.4,8,App_Movil,1,525.7
10514.61,24,App_Movil,0,561.6
3496.11,167,Sitio_Web,0,201.0
5728.87,90,App_Movil,0,342.1
2174.23,41,Sitio_Web,0,135.9
2306.26,120,Sitio_Web,0,144.1
4416.34,152,App_Movil,0,244.4
899.42,116,Sitio_Web,1,59.0
11522.13,94,App_Movil,0,626.3
5166.41,78,App_Movil,0,287.1
1567.84,131,Sitio_Web,1,67.8
3750.41,36,App_Movil,0,212.4
3771.22,178,Sitio_Web,0,223.9
17435.27,59,Plataforma_SaaS,1,704.1
9003.33,144,App_Movil,0,469.0
23408.38,93,Plataforma_SaaS,0,1129.9
6110.58,145,App_Movil,0,307.6
2788.82,170,Sitio_Web,0,164.6
3349.2,167,App_Movil,0,163.8
10361.91,19,Plataforma_SaaS,1,420.8
10481.21,46,App_Movil,0,566.7
20801.83,95,Plataforma_SaaS,0,990.8
13311.57,74,Plataforma_SaaS,0,653.3
2005.79,48,Sitio_Web,0,111.4
2507.37,153,Sitio_Web,1,95.1
3002.17,100,App_Movil,0,167.3
5171.2,25,App_Movil,0,261.6
10748.17,29,Plataforma_SaaS,0,507.3
11508.69,60,Plataforma_SaaS,0,547.2
3378.9,71,Sitio_Web,0,188.5
1694.96,146,Sitio_Web,1,79.8
10447.38,30,Plataforma_SaaS,0,487.4
2413.64,40,Sitio_Web,0,146.4
22581.61,59,Plataforma_SaaS,0,1071.6
5172.15,142,App_Movil,1,233.0
3706.83,24,App_Movil,0,211.8
1940.5,63,Sitio_Web,1,104.8
9728.87,118,App_Movil,1,437.0
7956.21,11,App_Movil,1,348.1
10351.14,160,App_Movil,0,560.6
3870.69,164,Sitio_Web,0,225.3
10133.96,19,App_Movil,1,458.0
17868.46,89,Plataforma_SaaS,1,697.6
2378.69,35,Sitio_Web,1,127.0
928.22,9,Sitio_Web,0,56.0
3949.83,96,Sitio_Web,0,259.1
6451.33,110,App_Movil,0,361.4
4370.05,129,App_Movil,1,202.3
9000.38,82,App_Movil,0,484.8
1709.72,136,Sitio_Web,0,95.3
2674.49,114,Sitio_Web,1,143.1
8280.91,162,App_Movil,0,444.9
7011.57,88,App_Movil,1,327.2
22050.14,83,Plataforma_SaaS,0,1062.4
1647.89,8,Sitio_Web,0,103.0
7037.69,133,App_Movil,0,386.0
7839.23,141,App_Movil,1,343.6
8972.62,32,App_Movil,0,474.3
10055.75,94,App_Movil,0,532.4
6553.27,22,App_Movil,1,305.4
18628.84,157,Plataforma_SaaS,0,884.7
1281.96,174,Sitio_Web,0,68.7
3784.47,79,Sitio_Web,0,232.4
6447.53,38,App_Movil,0,345.6
9565.69,21,App_Movil,1,426.7
865.09,147,Sitio_Web,0,47.2
1456.6,11,Sitio_Web,0,64.1
2358.66,80,Sitio_Web,0,131.9
22808.54,58,Plataforma_SaaS,1,924.2
2487.22,83,Sitio_Web,0,143.8
3775.59,175,Sitio_Web,0,207.5
2348.15,116,Sitio_Web,0,130.8
2369.44,149,Sitio_Web,0,145.8
1183.19,112,Sitio_Web,0,74.4
10223.91,133,App_Movil,0,549.1
1590.29,13,Sitio_Web,1,72.6
23193.02,46,Plataforma_SaaS,0,1099.2
3714.64,162,Sitio_Web,1,189.4
11489.79,166,App_Movil,1,525.4
16364.15,105,Plataforma_SaaS,0,798.4
9093.84,149,App_Movil,0,480.0
10006.64,91,App_Movil,0,554.0
1219.25,71,Sitio_Web,1,60.4
2723.06,138,Sitio_Web,0,163.6
3308.68,17,App_Movil,0,187.6
15956.19,114,Plataforma_SaaS,0,760.5
4393.58,32,App_Movil,1,176.1
4646.31,171,App_Movil,1,216.1
6285.43,157,App_Movil,0,342.9
6891.93,91,App_Movil,1,306.5
2794.15,174,Sitio_Web,0,173.9
3669.86,157,App_Movil,0,206.4
16066.45,129,Plataforma_SaaS,1,627.5
1384.4,150,Sitio_Web,0,83.3
8165.78,74,App_Movil,0,418.2
2839.69,110,Sitio_Web,0,169.1
8010.38,86,App_Movil,1,356.7
3162.55,165,Sitio_Web,1,163.0
6020.48,59,App_Movil,1,260.2
20771.92,112,Plataforma_SaaS,1,826.7
2184.85,159,Sitio_Web,0,98.9
7357.66,50,App_Movil,0,402.9
18665.84,146,Plataforma_SaaS,0,895.1
7330.45,96,Plataforma_SaaS,0,352.7
2892.78,107,Sitio_Web,0,158.6
2779.47,103,Sitio_Web,1,143.0
1791.51,15,Sitio_Web,0,124.0
8544.3,18,Plataforma_SaaS,0,408.3
8636.84,75,Plataforma_SaaS,0,421.1
11309.01,34,App_Movil,0,602.0
19407.03,62,Plataforma_SaaS,1,775.5
4143.92,105,App_Movil,0,208.5
6210.51,116,App_Movil,0,343.2
2695.95,83,Sitio_Web,1,136.4
22040.29,109,Plataforma_SaaS,0,1045.7
939.71,112,Sitio_Web,0,48.4
11259.4,115,Plataforma_SaaS,0,541.1
23015.48,118,Plataforma_SaaS,0,1114.0
3082.49,64,App_Movil,1,153.5
1444.48,84,Sitio_Web,1,70.9
3868.88,81,Sitio_Web,0,218.5
2762.89,48,Sitio_Web,1,140.5
1637.35,172,Sitio_Web,0,116.1
1014.37,74,Sitio_Web,0,44.6
7507.44,39,Plataforma_SaaS,0,350.8
5202.71,77,App_Movil,0,287.1
3620.75,62,Sitio_Web,0,218.8
2130.92,111,Sitio_Web,1,101.1
9483.0,107,App_Movil,1,428.9
11264.57,57,App_Movil,0,618.1
6672.36,80,App_Movil,0,359.3
10442.99,177,Plataforma_SaaS,0,499.4
7654.06,127,App_Movil,0,419.2
23345.51,149,Plataforma_SaaS,0,1117.9
21478.74,172,Plataforma_SaaS,0,1042.4
1010.66,149,Sitio_Web,1,70.8
19466.31,11,Plataforma_SaaS,0,925.5
2630.07,89,Sitio_Web,0,145.3
23334.34,57,Plataforma_SaaS,0,1123.8
1191.94,16,Sitio_Web,0,58.7
16612.65,146,Plataforma_SaaS,0,784.4
22830.33,10,Plataforma_SaaS,1,892.7
14380.43,101,Plataforma_SaaS,0,686.4
15675.91,152,Plataforma_SaaS,1,626.7
1025.47,86,Sitio_Web,0,56.4
1690.06,42,Sitio_Web,0,115.3
5920.56,31,App_Movil,0,332.9
3824.39,104,Sitio_Web,1,210.5
5544.01,170,App_Movil,0,299.8
2274.78,107,Sitio_Web,1,125.6
19083.48,15,Plataforma_SaaS,0,919.1
4459.65,67,App_Movil,1,202.8
15755.96,59,Plataforma_SaaS,0,751.6
3163.32,152,Sitio_Web,1,135.5
22603.39,177,Plataforma_SaaS,0,1091.3
18272.67,169,Plataforma_SaaS,1,742.4
9021.48,69,App_Movil,0,471.9
4136.55,127,App_Movil,0,223.3
24023.98,111,Plataforma_SaaS,0,1163.1
1224.24,10,Sitio_Web,1,57.6
9972.06,99,App_Movil,0,550.4
1647.41,175,Sitio_Web,1,81.0
3787.5,179,Sitio_Web,0,222.0
3103.87,34,Sitio_Web,0,198.7
3212.2,176,Sitio_Web,0,183.4
1500.99,86,Sitio_Web,1,67.8
2217.73,82,Sitio_Web,1,101.9
18120.64,122,Plataforma_SaaS,1,713.4
9929.76,75,App_Movil,0,537.7
8871.27,104,Plataforma_SaaS,1,349.7
11661.29,7,App_Movil,1,529.6
3648.71,173,Sitio_Web,0,201.6
5433.14,102,App_Movil,1,233.3
10404.84,23,App_Movil,1,468.7
2458.64,118,Sitio_Web,1,137.6
7156.26,97,App_Movil,1,325.8
1806.19,94,Sitio_Web,0,102.5
8228.72,169,App_Movil,0,429.5
9569.0,180,App_Movil,1,424.1
2114.99,176,Sitio_Web,0,126.5
2813.5,173,Sitio_Web,1,117.1
19587.63,96,Plataforma_SaaS,1,771.4
9400.1,55,App_Movil,1,415.6
966.29,44,Sitio_Web,1,45.7
22475.46,157,Plataforma_SaaS,0,1078.3
2266.41,156,Sitio_Web,0,129.9
5361.74,138,App_Movil,0,294.6
11351.76,65,Plataforma_SaaS,0,546.1
2345.65,74,Sitio_Web,0,137.0
3637.86,136,Sitio_Web,0,224.7
2010.71,55,Sitio_Web,1,106.2
3199.12,132,Sitio_Web,1,145.4
1109.82,165,Sitio_Web,0,66.3
7284.51,117,App_Movil,0,402.3
3973.4,174,Sitio_Web,1,209.2
9933.94,54,App_Movil,0,540.1
10789.51,57,Plataforma_SaaS,0,515.6
16025.95,49,Plataforma_SaaS,0,773.5
5102.62,104,App_Movil,0,283.6
2110.59,130,Sitio_Web,0,127.8
10020.76,86,App_Movil,1,453.2
9941.02,117,App_Movil,0,534.3
5052.9,149,App_Movil,0,259.5
3751.11,33,Sitio_Web,0,223.3
17666.23,164,Plataforma_SaaS,0,841.2
6419.32,170,App_Movil,1,282.1
2406.19,119,Sitio_Web,1,134.6
2736.23,92,Sitio_Web,1,146.3
8039.01,120,App_Movil,0,417.2
15755.29,130,Plataforma_SaaS,1,619.4
7544.4,55,App_Movil,1,335.9
10175.41,82,Plataforma_SaaS,1,400.6
3400.75,61,Sitio_Web,0,207.2
7875.84,62,App_Movil,0,412.9
4179.72,101,App_Movil,0,235.3
3251.7,50,Sitio_Web,1,162.1
3783.82,165,Sitio_Web,0,223.6
24051.52,93,Plataforma_SaaS,0,1154.3
1980.86,90,Sitio_Web,1,94.9
4219.65,157,App_Movil,1,169.6
2458.88,162,Sitio_Web,1,123.1
1160.35,22,Sitio_Web,0,66.4
3788.76,171,Sitio_Web,1,179.9
10304.43,155,Plataforma_SaaS,0,505.6
11549.79,151,Plataforma_SaaS,0,561.1
14319.46,43,Plataforma_SaaS,0,711.7
6448.48,83,App_Movil,0,356.6
3342.92,153,Sitio_Web,0,194.1
7106.85,164,App_Movil,1,310.8
4536.91,51,App_Movil,0,240.1
11809.78,152,Plataforma_SaaS,1,465.7
2429.16,68,Sitio_Web,0,146.8
4327.09,170,App_Movil,0,218.3
2757.3,106,Sitio_Web,0,171.9
2610.39,58,Sitio_Web,0,157.5
9432.32,25,App_Movil,0,514.7
11439.34,115,App_Movil,0,606.3
3719.21,50,Sitio_Web,0,225.6
3827.44,13,Sitio_Web,0,242.6
5202.44,178,App_Movil,0,272.3
9368.18,123,Plataforma_SaaS,1,365.8
12440.98,74,Plataforma_SaaS,0,604.3
23111.53,40,Plataforma_SaaS,1,914.8
24496.96,75,Plataforma_SaaS,1,977.5
3549.84,61,Sitio_Web,1,192.2
3990.16,16,App_Movil,1,170.8
11526.85,48,App_Movil,0,637.9
2154.75,47,Sitio_Web,1,104.4
7167.59,128,Plataforma_SaaS,1,275.5
2215.66,144,Sitio_Web,0,139.0
7829.25,16,Plataforma_SaaS,0,376.9
7894.9,108,App_Movil,0,426.5
6046.99,134,App_Movil,1,264.4
7260.91,155,App_Movil,1,327.7
18037.07,142,Plataforma_SaaS,0,845.1
10819.21,98,App_Movil,0,586.4
8957.11,119,App_Movil,0,496.7
2188.96,84,Sitio_Web,0,113.7
10374.85,91,App_Movil,1,462.8
3697.86,36,Sitio_Web,0,213.1
4077.84,55,App_Movil,0,205.1
7787.4,15,App_Movil,0,400.0
5560.61,151,App_Movil,1,238.4
950.6,75,Sitio_Web,0,54.6
2939.35,64,Sitio_Web,1,158.5
10764.94,68,App_Movil,0,566.1
1321.29,58,Sitio_Web,0,82.2
3399.72,46,Sitio_Web,0,206.2
3530.87,172,Sitio_Web,0,228.6
23458.13,177,Plataforma_SaaS,0,1131.7
5387.57,69,App_Movil,1,248.7
3692.65,153,Sitio_Web,1,191.6
1826.12,56,Sitio_Web,1,82.1
2567.48,167,Sitio_Web,0,148.3
7909.13,147,Plataforma_SaaS,1,327.5
3394.93,84,App_Movil,0,162.8
3105.19,103,Sitio_Web,0,179.5
2222.34,49,Sitio_Web,0,120.0
1620.14,42,Sitio_Web,0,99.6
4713.72,128,App_Movil,1,207.9
19059.16,114,Plataforma_SaaS,0,921.1
801.28,16,Sitio_Web,0,47.0
3378.85,101,Sitio_Web,1,153.5
1053.6,12,Sitio_Web,0,48.2
10446.81,63,Plataforma_SaaS,0,501.4
2035.96,135,Sitio_Web,0,114.4
15727.46,77,Plataforma_SaaS,1,623.8
6194.96,27,App_Movil,1,288.2
1826.28,98,Sitio_Web,0,117.2
3884.53,133,Sitio_Web,0,251.0
2853.05,86,Sitio_Web,0,168.0
3210.9,62,App_Movil,1,138.1
14743.17,122,Plataforma_SaaS,0,711.9
10875.08,154,App_Movil,0,581.6
5713.11,31,App_Movil,0,303.2
1102.58,162,Sitio_Web,0,64.1
20650.93,11,Plataforma_SaaS,0,1007.8
17908.25,126,Plataforma_SaaS,1,723.4
2625.0,27,Sitio_Web,0,165.6
7964.38,24,Plataforma_SaaS,0,398.4
4264.49,63,App_Movil,1,200.9
8602.94,99,App_Movil,1,375.8
4870.41,25,App_Movil,0,271.9
16073.26,134,Plataforma_SaaS,0,781.7
7903.94,103,App_Movil,0,433.3
1707.22,137,Sitio_Web,1,83.4
3834.96,176,Sitio_Web,0,235.6
22164.35,27,Plataforma_SaaS,1,886.4
3111.6,46,Sitio_Web,1,145.8
1049.58,73,Sitio_Web,0,55.7
3955.17,159,App_Movil,0,220.6
7435.03,133,App_Movil,0,392.4
4446.42,61,App_Movil,0,232.0
24608.78,178,Plataforma_SaaS,0,1188.8
1307.26,115,Sitio_Web,1,66.7
2359.9,104,Sitio_Web,1,123.8
1965.19,118,Sitio_Web,0,105.6
18508.96,121,Plataforma_SaaS,1,745.9
4161.33,123,App_Movil,0,218.1
2177.01,93,Sitio_Web,0,120.5
11944.69,87,Plataforma_SaaS,0,568.3
22979.53,72,Plataforma_SaaS,1,932.8
7730.54,25,Plataforma_SaaS,1,305.6
23447.09,141,Plataforma_SaaS,1,959.9
3465.58,124,Sitio_Web,0,187.3
12356.27,48,Plataforma_SaaS,0,577.6
10103.62,48,App_Movil,0,558.8
7561.84,65,Plataforma_SaaS,0,378.7
11701.79,26,App_Movil,1,517.9
16478.71,79,Plataforma_SaaS,1,659.8
5729.53,23,App_Movil,1,265.0
1960.27,33,Sitio_Web,0,115.3
3597.65,8,App_Movil,0,195.8
24808.29,69,Plataforma_SaaS,0,1190.9
7707.26,68,Plataforma_SaaS,0,355.1
2895.7,106,Sitio_Web,0,170.3
2216.75,25,Sitio_Web,1,111.0
3836.53,23,Sitio_Web,1,192.9
5214.0,75,App_Movil,0,264.3
16577.56,173,Plataforma_SaaS,0,803.3
2343.54,123,Sitio_Web,0,141.9
9325.8,87,App_Movil,0,493.0
8224.18,45,Plataforma_SaaS,1,347.0
4744.1,42,App_Movil,0,252.7
4931.08,174,App_Movil,0,263.5
9643.36,179,App_Movil,0,527.2
4702.25,138,App_Movil,1,230.4
2635.17,159,Sitio_Web,0,164.9
4937.19,164,App_Movil,0,274.9
10754.62,35,App_Movil,0,570.7
23959.34,57,Plataforma_SaaS,1,959.2
7666.44,158,App_Movil,1,339.7
13341.56,20,Plataforma_SaaS,0,647.4
1548.98,75,Sitio_Web,1,85.4
3448.03,152,App_Movil,1,171.5
1659.2,176,Sitio_Web,1,61.4
2893.55,63,Sitio_Web,1,138.4
7802.55,18,App_Movil,1,364.1
23992.74,23,Plataforma_SaaS,0,1137.6
2068.09,36,Sitio_Web,1,111.5
9244.77,94,App_Movil,0,510.6
15807.81,105,Plataforma_SaaS,1,632.0
2440.24,29,Sitio_Web,0,132.2
5409.97,135,App_Movil,1,242.2
7094.56,85,App_Movil,1,333.8
7237.06,38,App_Movil,0,406.2
3061.26,15,Sitio_Web,1,155.1
3810.05,21,Sitio_Web,0,218.8
12927.78,162,Plataforma_SaaS,1,534.5
3379.8,158,App_Movil,0,190.7
2388.14,169,Sitio_Web,0,134.2
16800.3,33,Plataforma_SaaS,1,675.4
1339.01,115,Sitio_Web,0,83.3
9844.18,82,App_Movil,1,436.6
3951.77,154,Sitio_Web,0,240.6
24023.94,71,Plataforma_SaaS,0,1164.2
1430.74,115,Sitio_Web,0,82.9
3601.16,135,Sitio_Web,0,228.2
3054.38,16,Sitio_Web,0,165.7
2252.31,53,Sitio_Web,0,157.3
16731.0,129,Plataforma_SaaS,0,803.7
22292.8,65,Plataforma_SaaS,0,1080.8
2336.43,102,Sitio_Web,1,119.0
6358.87,109,App_Movil,1,277.9
7439.23,130,App_Movil,0,401.4
17424.34,92,Plataforma_SaaS,1,677.9
4701.7,152,App_Movil,0,260.8
3682.9,118,Sitio_Web,1,186.1
9067.68,180,App_Movil,1,406.1
8699.42,166,App_Movil,1,399.0
1118.39,33,Sitio_Web,0,67.5
8437.57,24,App_Movil,1,385.8
1187.07,173,Sitio_Web,0,80.8
8416.56,88,Plataforma_SaaS,1,331.2
2487.39,178,Sitio_Web,0,140.9
6625.07,78,App_Movil,1,280.9
8299.29,60,App_Movil,1,374.7
3803.0,168,App_Movil,1,175.7
2179.15,77,Sitio_Web,0,117.5
4573.08,170,App_Movil,1,220.0
11883.9,152,App_Movil,0,633.5
8050.35,44,App_Movil,1,341.2
9186.93,143,App_Movil,0,511.0
5928.76,41,App_Movil,0,300.4
8705.3,88,Plataforma_SaaS,0,427.5
3922.79,139,Sitio_Web,0,242.6
12152.66,148,Plataforma_SaaS,0,586.5
6814.27,164,App_Movil,0,362.7
2879.56,10,Sitio_Web,0,177.8
879.03,173,Sitio_Web,1,54.4
3392.83,159,Sitio_Web,1,159.8
16658.41,162,Plataforma_SaaS,0,809.4
5503.95,156,App_Movil,0,306.5
8108.94,165,Plataforma_SaaS,0,392.2
4462.49,29,App_Movil,0,235.6
11055.3,54,App_Movil,1,506.8
2995.28,154,Sitio_Web,1,154.8
1599.69,131,Sitio_Web,0,85.8
3590.41,172,App_Movil,0,190.2
3009.97,61,Sitio_Web,0,188.8
2631.7,74,Sitio_Web,1,132.7
6640.68,94,App_Movil,1,309.7
6272.5,7,App_Movil,0,335.3
10902.66,141,Plataforma_SaaS,0,513.3
19053.0,101,Plataforma_SaaS,1,784.1
11736.01,146,App_Movil,1,511.3
4581.44,112,App_Movil,0,242.4
8374.05,139,App_Movil,0,455.0
14635.33,114,Plataforma_SaaS,0,712.4
2229.4,48,Sitio_Web,0,140.2
5287.33,108,App_Movil,0,308.6
21852.43,130,Plataforma_SaaS,0,1047.7
2352.82,146,Sitio_Web,0,132.4
7890.65,109,App_Movil,0,423.9
5742.85,152,App_Movil,1,255.2
1381.79,80,Sitio_Web,0,82.2
1074.91,114,Sitio_Web,0,54.7
3085.18,128,Sitio_Web,0,193.0
1427.95,23,Sitio_Web,0,89.4
3008.24,77,Sitio_Web,1,137.8
14026.78,68,Plataforma_SaaS,0,683.0
2130.48,47,Sitio_Web,0,119.7
7222.6,125,App_Movil,1,313.2
1976.67,168,Sitio_Web,0,119.5
8811.16,51,Plataforma_SaaS,1,334.9
1790.82,64,Sitio_Web,0,113.3
8973.61,132,App_Movil,0,456.2
18984.12,168,Plataforma_SaaS,0,900.9
12152.04,50,Plataforma_SaaS,0,599.0
2272.33,21,Sitio_Web,1,106.7
10482.05,84,Plataforma_SaaS,1,414.2
4893.35,76,App_Movil,0,277.0
3207.42,107,App_Movil,0,165.3
3669.59,166,Sitio_Web,1,191.1
1474.26,9,Sitio_Web,1,85.5
5047.8,92,App_Movil,0,277.4
5516.41,80,App_Movil,0,283.4
4146.67,57,App_Movil,0,217.9
8753.37,73,App_Movil,1,421.0
8352.57,82,Plataforma_SaaS,0,396.0
1229.45,99,Sitio_Web,0,103.6
8802.81,151,App_Movil,1,413.2
1886.91,13,Sitio_Web,0,118.4
19743.06,19,Plataforma_SaaS,0,950.6
8016.82,126,App_Movil,0,428.3
11608.38,72,Plataforma_SaaS,0,556.3
2882.65,10,Sitio_Web,0,166.1
1172.08,144,Sitio_Web,0,69.7
2516.51,94,Sitio_Web,0,137.4
